【整租】乐乎公寓 木樨园 木樨园门店,木樨园,3000-3600,http://bj.58.com/pinpaigongyu/29628503738554x.shtml
【合租】常营 常营民族家园 4室主卧,常营民族家园,2780,http://bj.58.com/pinpaigongyu/30037708744126x.shtml
【整租】乐乎公寓 百子湾 南花园店,百子湾,2200-2800,http://bj.58.com/pinpaigongyu/29384691540034x.shtml
【整租】定福庄 函数公寓 1室1厅,【整租】定福庄,3100,http://bj.58.com/pinpaigongyu/29747314634814x.shtml
【合租】龙泽 融泽嘉园6号院 3室主卧,融泽嘉园6号院,2560,http://bj.58.com/pinpaigongyu/29826441733187x.shtml
【整租】乐乎公寓 角门 公益西桥店,角门,3000-4200,http://bj.58.com/pinpaigongyu/29130628551214x.shtml
【合租】定福庄 管庄新村 3室次卧,管庄新村,2090,http://bj.58.com/pinpaigongyu/30036601961039x.shtml
【整租】乐乎公寓 通州北苑 通州北苑店,通州北苑,2300-2600,http://bj.58.com/pinpaigongyu/29472959912765x.shtml
【整租】高米店 乐乎公寓 1室1厅,【整租】高米店,2100,http://bj.58.com/pinpaigongyu/30034620399431x.shtml
【整租】次渠 次渠嘉园 1室1厅,次渠嘉园,2580,http://bj.58.com/pinpaigongyu/29772401200457x.shtml
【合租】西二旗 领秀新硅谷C区 3室次卧,领秀新硅谷C区,2190,http://bj.58.com/pinpaigongyu/29805356102071x.shtml
【整租】青遇home 高碑店 大地文苑,高碑店,3900-4100,http://bj.58.com/pinpaigongyu/28621461415093x.shtml
【合租】西二旗 博雅德园 3室次卧,博雅德园,2290,http://bj.58.com/pinpaigongyu/29836368343091x.shtml
【合租】马连洼 裕祺隆园 3室主卧,裕祺隆园,2790,http://bj.58.com/pinpaigongyu/29847682725941x.shtml
【整租】西北旺 大牛坊二期 1室0厅,大牛坊二期,3400,http://bj.58.com/pinpaigongyu/29847877576648x.shtml
【整租】好客公寓 亦庄 好客公寓,亦庄,3400-3500,http://bj.58.com/pinpaigongyu/29849331216681x.shtml
【合租】西北旺 冬晴园 3室主卧,冬晴园,2390,http://bj.58.com/pinpaigongyu/30038868490703x.shtml
【合租】马连洼 春晖园 4室次卧,春晖园,2190,http://bj.58.com/pinpaigongyu/29847733769395x.shtml
【合租】西北旺 景和园 4室次卧,景和园,2390,http://bj.58.com/pinpaigongyu/30026814591935x.shtml
【合租】西二旗 领秀新硅谷C区 5室主卧,领秀新硅谷C区,2500,http://bj.58.com/pinpaigongyu/29824367684541x.shtml
【整租】乐乎公寓 木樨园 木樨园门店,木樨园,3000-3600,http://bj.58.com/pinpaigongyu/29628503738554x.shtml
【合租】四惠 力源里小区 3室主卧,力源里小区,2390,http://bj.58.com/pinpaigongyu/29627171748540x.shtml
【整租】乐乎公寓 百子湾 南花园店,百子湾,2200-2800,http://bj.58.com/pinpaigongyu/29384691540034x.shtml
【合租】回龙观 紫金新干线四区 3室次卧,紫金新干线四区,2500,http://bj.58.com/pinpaigongyu/29759957392718x.shtml
【整租】十里河 十里河 乐乎城市 1室1厅,十里河,3200,http://bj.58.com/pinpaigongyu/30034550190914x.shtml
【整租】乐乎公寓 角门 公益西桥店,角门,3000-4200,http://bj.58.com/pinpaigongyu/29130628551214x.shtml
【合租】龙泽 融泽嘉园2号院 4室次卧,融泽嘉园2号院,2290,http://bj.58.com/pinpaigongyu/30037630388802x.shtml
【整租】乐乎公寓 通州北苑 通州北苑店,通州北苑,2300-2600,http://bj.58.com/pinpaigongyu/29472959912765x.shtml
【合租】常营 连心园 3室主卧,连心园,2580,http://bj.58.com/pinpaigongyu/30037564850489x.shtml
【合租】霍营 华龙苑南里 3室次卧,华龙苑南里,2070,http://bj.58.com/pinpaigongyu/29617577863742x.shtml
【合租】龙泽 融泽嘉园2号院 3室主卧,融泽嘉园2号院,2380,http://bj.58.com/pinpaigongyu/29828320429619x.shtml
【整租】青遇home 高碑店 大地文苑,高碑店,3900-4100,http://bj.58.com/pinpaigongyu/28621461415093x.shtml
【合租】西二旗 融泽嘉园8号院 3室主卧,融泽嘉园8号院,2180,http://bj.58.com/pinpaigongyu/29758054445993x.shtml
【合租】赵公口 彩虹城一区 3室主卧,彩虹城一区,2400,http://bj.58.com/pinpaigongyu/29783069159849x.shtml
【整租】西北旺 大牛坊二期 1室1厅,大牛坊二期,3700,http://bj.58.com/pinpaigongyu/30038976458666x.shtml
【整租】好客公寓 亦庄 好客公寓,亦庄,3400-3500,http://bj.58.com/pinpaigongyu/29849331216681x.shtml
【合租】双桥 远洋一方南润园 4室主卧,远洋一方南润园,2080,http://bj.58.com/pinpaigongyu/29714990641332x.shtml
【合租】九棵树 K2玉兰湾 6室主卧,K2玉兰湾,2100,http://bj.58.com/pinpaigongyu/29768761652269x.shtml
【合租】芍药居 芍药居甲2号院小 3室主卧,芍药居甲2号院小,2500,http://bj.58.com/pinpaigongyu/29817480953262x.shtml
【合租】北苑 绣菊园北区 4室主卧,绣菊园北区,2200,http://bj.58.com/pinpaigongyu/30033605117497x.shtml
【整租】乐乎公寓 木樨园 木樨园门店,木樨园,3000-3600,http://bj.58.com/pinpaigongyu/29628503738554x.shtml
【合租】西三旗 东村家园 3室次卧,东村家园,2060,http://bj.58.com/pinpaigongyu/29790634348713x.shtml
【整租】乐乎公寓 百子湾 南花园店,百子湾,2200-2800,http://bj.58.com/pinpaigongyu/29384691540034x.shtml
【合租】常营 连心园 3室主卧,连心园,2580,http://bj.58.com/pinpaigongyu/30037564850489x.shtml
【合租】霍营 华龙苑南里 3室次卧,华龙苑南里,2070,http://bj.58.com/pinpaigongyu/29617577863742x.shtml
【整租】乐乎公寓 角门 公益西桥店,角门,3000-4200,http://bj.58.com/pinpaigongyu/29130628551214x.shtml
【整租】沙河 兆丰家园东区 1室1厅,兆丰家园东区,2560,http://bj.58.com/pinpaigongyu/30033626098751x.shtml
【整租】乐乎公寓 通州北苑 通州北苑店,通州北苑,2300-2600,http://bj.58.com/pinpaigongyu/29472959912765x.shtml
【合租】上地 上林溪 4室主卧,上林溪,2000,http://bj.58.com/pinpaigongyu/29669617894721x.shtml
【整租】四惠 函数公寓 1室1厅,【整租】四惠,2700,http://bj.58.com/pinpaigongyu/29735633607625x.shtml
【合租】西二旗 融泽嘉园8号院 3室主卧,融泽嘉园8号院,2180,http://bj.58.com/pinpaigongyu/29758054445993x.shtml
【整租】青遇home 高碑店 大地文苑,高碑店,3900-4100,http://bj.58.com/pinpaigongyu/28621461415093x.shtml
【合租】芍药居 芍药居北里小区 3室主卧,芍药居北里小区,2600,http://bj.58.com/pinpaigongyu/30002906004034x.shtml
【合租】龙泽 融泽嘉园6号院 3室主卧,融泽嘉园6号院,2180,http://bj.58.com/pinpaigongyu/29629014570945x.shtml
【合租】赵公口 彩虹城一区 3室主卧,彩虹城一区,2400,http://bj.58.com/pinpaigongyu/29783069159849x.shtml
【整租】好客公寓 亦庄 好客公寓,亦庄,3400-3500,http://bj.58.com/pinpaigongyu/29849331216681x.shtml
【合租】亚运村 嘉铭桐城C区 2室主卧,嘉铭桐城C区,2450,http://bj.58.com/pinpaigongyu/30035745188803x.shtml
【合租】双桥 远洋一方南润园 4室主卧,远洋一方南润园,2080,http://bj.58.com/pinpaigongyu/29714990641332x.shtml
【合租】九棵树 K2玉兰湾 6室主卧,K2玉兰湾,2100,http://bj.58.com/pinpaigongyu/29768761652269x.shtml
【合租】芍药居 芍药居甲2号院小 3室主卧,芍药居甲2号院小,2500,http://bj.58.com/pinpaigongyu/29817480953262x.shtml
【整租】乐乎公寓 木樨园 木樨园门店,木樨园,3000-3600,http://bj.58.com/pinpaigongyu/29628503738554x.shtml
【整租】四惠 函数公寓 1室1厅,【整租】四惠,2700,http://bj.58.com/pinpaigongyu/29735633607625x.shtml
【整租】乐乎公寓 百子湾 南花园店,百子湾,2200-2800,http://bj.58.com/pinpaigongyu/29384691540034x.shtml
【合租】惠新西街 惠新西街33号院 3室次卧,惠新西街33号院,2390,http://bj.58.com/pinpaigongyu/30034945064234x.shtml
【合租】回龙观 龙跃苑东五区 3室主卧,龙跃苑东五区,2260,http://bj.58.com/pinpaigongyu/29790808391211x.shtml
【整租】乐乎公寓 角门 公益西桥店,角门,3000-4200,http://bj.58.com/pinpaigongyu/29130628551214x.shtml
【合租】北京大学 海淀路社区 3室次卧,海淀路社区,2450,http://bj.58.com/pinpaigongyu/30024918321992x.shtml
【整租】乐乎公寓 通州北苑 通州北苑店,通州北苑,2300-2600,http://bj.58.com/pinpaigongyu/29472959912765x.shtml
【整租】清河 函数公寓（龙旗店 1室0厅,【整租】清河,2350,http://bj.58.com/pinpaigongyu/29717508444595x.shtml
【合租】龙泽 新龙城 3室主卧,新龙城,2200,http://bj.58.com/pinpaigongyu/29747256309550x.shtml
【合租】物资学院路 新建村 2室主卧,新建村,2180,http://bj.58.com/pinpaigongyu/29595198590024x.shtml
【整租】青遇home 高碑店 大地文苑,高碑店,3900-4100,http://bj.58.com/pinpaigongyu/28621461415093x.shtml
【合租】九棵树 K2玉兰湾 6室主卧,K2玉兰湾,2100,http://bj.58.com/pinpaigongyu/29768761652269x.shtml
【整租】梨园 葛布店东里 2室1厅,葛布店东里,2600,http://bj.58.com/pinpaigongyu/29637675507505x.shtml
【合租】四惠 康惠园小区 3室主卧,康惠园小区,2300,http://bj.58.com/pinpaigongyu/29550748154026x.shtml
【整租】好客公寓 亦庄 好客公寓,亦庄,3400-3500,http://bj.58.com/pinpaigongyu/29849331216681x.shtml
【合租】肖家河 肖家河回迁住宅( 3室主卧,肖家河回迁住宅(,2400,http://bj.58.com/pinpaigongyu/29605194854989x.shtml
【合租】北苑 绣菊园北区 4室主卧,绣菊园北区,2200,http://bj.58.com/pinpaigongyu/30033605117497x.shtml
【合租】西北旺 大牛坊一期 3室主卧,大牛坊一期,2200,http://bj.58.com/pinpaigongyu/30000483974350x.shtml
【合租】龙泽 融泽嘉园6号院 2室主卧,融泽嘉园6号院,2380,http://bj.58.com/pinpaigongyu/29735207461431x.shtml
【整租】熊猫公寓 南磨房 北工大店,南磨房,2600-4750,http://bj.58.com/pinpaigongyu/30022748015295x.shtml
【整租】清河 函数公寓（龙旗店 1室0厅,【整租】清河,2350,http://bj.58.com/pinpaigongyu/29717508444595x.shtml
【整租】乐乎公寓 木樨园 木樨园门店,木樨园,3000-3600,http://bj.58.com/pinpaigongyu/29628503738554x.shtml
【合租】车道沟 裕泽园 3室主卧,裕泽园,2759,http://bj.58.com/pinpaigongyu/29992638816298x.shtml
【合租】回龙观 领秀慧谷A区 4室次卧,领秀慧谷A区,2000,http://bj.58.com/pinpaigongyu/29915539254967x.shtml
【整租】乐乎公寓 百子湾 南花园店,百子湾,2200-2800,http://bj.58.com/pinpaigongyu/29384691540034x.shtml
【合租】通州北苑 通惠苑 3室次卧,通惠苑,2070,http://bj.58.com/pinpaigongyu/30004775896381x.shtml
【整租】乐乎公寓 角门 公益西桥店,角门,3000-4200,http://bj.58.com/pinpaigongyu/29130628551214x.shtml
【合租】宋家庄 顶秀金石家园 3室次卧,顶秀金石家园,2890,http://bj.58.com/pinpaigongyu/30037561425854x.shtml
【合租】双桥 双惠苑 2室主卧,双惠苑,2080,http://bj.58.com/pinpaigongyu/30026134629825x.shtml
【合租】芍药居 芍药居甲2号院小 3室主卧,芍药居甲2号院小,2500,http://bj.58.com/pinpaigongyu/29817480953262x.shtml
【整租】青遇home 高碑店 大地文苑,高碑店,3900-4100,http://bj.58.com/pinpaigongyu/28621461415093x.shtml
【合租】肖家河 肖家河回迁住宅( 3室主卧,肖家河回迁住宅(,2400,http://bj.58.com/pinpaigongyu/29605194854989x.shtml
【合租】北苑 绣菊园北区 4室主卧,绣菊园北区,2200,http://bj.58.com/pinpaigongyu/30033605117497x.shtml
【合租】西北旺 大牛坊一期 3室主卧,大牛坊一期,2200,http://bj.58.com/pinpaigongyu/30000483974350x.shtml
【整租】好客公寓 亦庄 好客公寓,亦庄,3400-3500,http://bj.58.com/pinpaigongyu/29849331216681x.shtml
【合租】西二旗 融泽嘉园8号院 3室主卧,融泽嘉园8号院,2380,http://bj.58.com/pinpaigongyu/29791004556478x.shtml
【合租】双井 双花园南里一区 3室主卧,双花园南里一区,2000,http://bj.58.com/pinpaigongyu/29990253369655x.shtml
【合租】龙泽 融泽嘉园2号院 3室主卧,融泽嘉园2号院,2080,http://bj.58.com/pinpaigongyu/29812413814445x.shtml
【合租】亚运村 北卫家园 3室次卧,北卫家园,2000,http://bj.58.com/pinpaigongyu/30001502266047x.shtml
【整租】熊猫公寓 南磨房 北工大店,南磨房,2600-4750,http://bj.58.com/pinpaigongyu/30022748015295x.shtml
【整租】管庄 乐乎城市青年公寓 1室1厅,【整租】管庄,2519,http://bj.58.com/pinpaigongyu/30012437325774x.shtml
【整租】乐乎公寓 木樨园 木樨园门店,木樨园,3000-3600,http://bj.58.com/pinpaigongyu/29628503738554x.shtml
【合租】双桥 双惠苑 2室主卧,双惠苑,2080,http://bj.58.com/pinpaigongyu/30026134629825x.shtml
【合租】回龙观 良庄家园 3室主卧,良庄家园,2000,http://bj.58.com/pinpaigongyu/29625293536706x.shtml
【整租】乐乎公寓 百子湾 南花园店,百子湾,2200-2800,http://bj.58.com/pinpaigongyu/29384691540034x.shtml
【合租】新街口 新街口西里一区 3室次卧,新街口西里一区,2540,http://bj.58.com/pinpaigongyu/30025917742784x.shtml
【整租】乐乎公寓 角门 公益西桥店,角门,3000-4200,http://bj.58.com/pinpaigongyu/29130628551214x.shtml
【合租】望京 北纬40度 3室次卧,北纬40度,2000,http://bj.58.com/pinpaigongyu/29683915664301x.shtml
【合租】惠新西街 惠新西街33号院 3室主卧,惠新西街33号院,2290,http://bj.58.com/pinpaigongyu/29627443156034x.shtml
【合租】西二旗 融泽嘉园8号院 2室主卧,融泽嘉园8号院,2380,http://bj.58.com/pinpaigongyu/29761463563689x.shtml
【整租】青遇home 高碑店 大地文苑,高碑店,3900-4100,http://bj.58.com/pinpaigongyu/28621461415093x.shtml
【合租】马连洼 沙窝苗圃宿舍 3室次卧,沙窝苗圃宿舍,2190,http://bj.58.com/pinpaigongyu/29969215772354x.shtml
【合租】回龙观 融泽嘉园二号院 3室主卧,融泽嘉园二号院,2080,http://bj.58.com/pinpaigongyu/29714219748678x.shtml
【合租】常营 柏林爱乐 3室次卧,柏林爱乐,2480,http://bj.58.com/pinpaigongyu/30016508036268x.shtml
【整租】好客公寓 亦庄 好客公寓,亦庄,3400-3500,http://bj.58.com/pinpaigongyu/29849331216681x.shtml
【合租】肖家河 肖家河回迁住宅( 3室主卧,肖家河回迁住宅(,2509,http://bj.58.com/pinpaigongyu/29602398916034x.shtml
【合租】芍药居 芍药居4号院 3室主卧,芍药居4号院,2500,http://bj.58.com/pinpaigongyu/30000783074108x.shtml
【合租】龙泽 融泽嘉园一号院 3室主卧,融泽嘉园一号院,2080,http://bj.58.com/pinpaigongyu/29780200919484x.shtml
【合租】北苑 大羊坊3号院 3室主卧,大羊坊3号院,2300,http://bj.58.com/pinpaigongyu/29618242898870x.shtml
【整租】熊猫公寓 南磨房 北工大店,南磨房,2600-4750,http://bj.58.com/pinpaigongyu/30022748015295x.shtml
【合租】高碑店 兴隆家园南区 3室主卧,兴隆家园南区,2440,http://bj.58.com/pinpaigongyu/30004203175478x.shtml
【整租】乐乎公寓 木樨园 木樨园门店,木樨园,3000-3600,http://bj.58.com/pinpaigongyu/29628503738554x.shtml
【合租】惠新西街 惠新西街33号院 3室主卧,惠新西街33号院,2290,http://bj.58.com/pinpaigongyu/29627443156034x.shtml
【整租】高米店 乐乎公寓 1室1厅,【整租】高米店,2100,http://bj.58.com/pinpaigongyu/30024343560116x.shtml
【整租】乐乎公寓 百子湾 南花园店,百子湾,2200-2800,http://bj.58.com/pinpaigongyu/29384691540034x.shtml
【合租】广渠门 广渠家园 4室次卧,广渠家园,2830,http://bj.58.com/pinpaigongyu/29960727183303x.shtml
【整租】乐乎公寓 角门 公益西桥店,角门,3000-4200,http://bj.58.com/pinpaigongyu/29130628551214x.shtml
【整租】定福庄 函数公寓 1室1厅,【整租】定福庄,2500,http://bj.58.com/pinpaigongyu/29815109258045x.shtml
【合租】孙河 康营小区 3室主卧,康营小区,2330,http://bj.58.com/pinpaigongyu/30003630765892x.shtml
【合租】龙泽 融泽嘉园6号院 3室主卧,融泽嘉园6号院,2180,http://bj.58.com/pinpaigongyu/29646424088014x.shtml
【整租】青遇home 高碑店 大地文苑,高碑店,3900-4100,http://bj.58.com/pinpaigongyu/28621461415093x.shtml
【合租】龙泽 融泽嘉园6号院 3室主卧,融泽嘉园6号院,2080,http://bj.58.com/pinpaigongyu/29591262121541x.shtml
【合租】大望路 观音惠园 3室主卧,观音惠园,2700,http://bj.58.com/pinpaigongyu/29746544088265x.shtml
【合租】西二旗 领秀新硅谷C区 3室主卧,领秀新硅谷C区,2000,http://bj.58.com/pinpaigongyu/29727819497660x.shtml
【整租】好客公寓 亦庄 好客公寓,亦庄,3400-3500,http://bj.58.com/pinpaigongyu/29849331216681x.shtml
【合租】高碑店 北花园 3室主卧,北花园,2450,http://bj.58.com/pinpaigongyu/29716088343624x.shtml
【整租】望京 望京花园东区 1室1厅,望京花园东区,2000,http://bj.58.com/pinpaigongyu/29418548912812x.shtml
【合租】龙泽 融泽嘉园6号院 3室主卧,融泽嘉园6号院,2180,http://bj.58.com/pinpaigongyu/29702724249011x.shtml
【整租】太阳宫 太阳宫小区 1室0厅,太阳宫小区,3300,http://bj.58.com/pinpaigongyu/30023125332289x.shtml
【整租】熊猫公寓 南磨房 北工大店,南磨房,2600-4750,http://bj.58.com/pinpaigongyu/30022748015295x.shtml
【整租】高米店 乐乎公寓 1室1厅,【整租】高米店,2100,http://bj.58.com/pinpaigongyu/30024343560116x.shtml
【整租】乐乎公寓 木樨园 木樨园门店,木樨园,3000-3600,http://bj.58.com/pinpaigongyu/29628503738554x.shtml
【合租】广渠门 广渠家园 4室次卧,广渠家园,2830,http://bj.58.com/pinpaigongyu/29960727183303x.shtml
【整租】四惠 条玛青年公寓 1室1厅,【整租】四惠,2700,http://bj.58.com/pinpaigongyu/29105608060361x.shtml
【整租】乐乎公寓 百子湾 南花园店,百子湾,2200-2800,http://bj.58.com/pinpaigongyu/29384691540034x.shtml
【整租】定福庄 函数公寓 1室1厅,【整租】定福庄,2500,http://bj.58.com/pinpaigongyu/29815109258045x.shtml
【整租】乐乎公寓 角门 公益西桥店,角门,3000-4200,http://bj.58.com/pinpaigongyu/29130628551214x.shtml
【整租】西红门 乐乎青年公寓 1室0厅,【整租】西红门,3490,http://bj.58.com/pinpaigongyu/29305178148045x.shtml
【整租】定福庄 函数公寓（传媒大 1室0厅,【整租】定福庄,3800,http://bj.58.com/pinpaigongyu/30015212006836x.shtml
【合租】龙泽 融泽嘉园6号院 3室主卧,融泽嘉园6号院,2180,http://bj.58.com/pinpaigongyu/29702724249011x.shtml
【整租】青遇home 高碑店 大地文苑,高碑店,3900-4100,http://bj.58.com/pinpaigongyu/28621461415093x.shtml
【合租】亚运村 大屯里小区 3室主卧,大屯里小区,2550,http://bj.58.com/pinpaigongyu/29992028318668x.shtml
【合租】中关村 天秀花园二期 3室次卧,天秀花园二期,2190,http://bj.58.com/pinpaigongyu/29462799014956x.shtml
【整租】欢乐谷 欢乐谷垡头西里3 1室1厅,欢乐谷垡头西里3,2380,http://bj.58.com/pinpaigongyu/29950773468849x.shtml
【整租】好客公寓 亦庄 好客公寓,亦庄,3400-3500,http://bj.58.com/pinpaigongyu/29849331216681x.shtml
【合租】肖家河 肖家河回迁住宅( 3室主卧,肖家河回迁住宅(,2490,http://bj.58.com/pinpaigongyu/30045245825606x.shtml
【合租】北苑 黄金苑 3室主卧,黄金苑,3000,http://bj.58.com/pinpaigongyu/28963519138112x.shtml
【整租】物资学院路 新建村 1室1厅,新建村,3800,http://bj.58.com/pinpaigongyu/29573296782784x.shtml
【合租】双井 百环家园 3室次卧,百环家园,2160,http://bj.58.com/pinpaigongyu/29694513397711x.shtml
【整租】乐乎公寓 百子湾 南花园店,百子湾,2200-2800,http://bj.58.com/pinpaigongyu/29639408251595x.shtml
【合租】望京 北纬40度 3室次卧,北纬40度,2000,http://bj.58.com/pinpaigongyu/29683915664301x.shtml
【整租】熊猫公寓 南磨房 北工大店,南磨房,2600-4750,http://bj.58.com/pinpaigongyu/30022748015295x.shtml
【整租】高米店 乐乎公寓 1室1厅,【整租】高米店,2100,http://bj.58.com/pinpaigongyu/30024343560116x.shtml
【整租】沙河 兆丰家园东区 1室0厅,兆丰家园东区,2300,http://bj.58.com/pinpaigongyu/29914157553450x.shtml
【整租】乐乎公寓 木樨园 木樨园门店,木樨园,3000-3600,http://bj.58.com/pinpaigongyu/29628503738554x.shtml
【合租】广渠门 广渠家园 4室次卧,广渠家园,2830,http://bj.58.com/pinpaigongyu/29960727183303x.shtml
【整租】乐乎公寓 百子湾 南花园店,百子湾,2200-2800,http://bj.58.com/pinpaigongyu/29384691540034x.shtml
【合租】西二旗 融泽嘉园2号院 3室次卧,融泽嘉园2号院,2290,http://bj.58.com/pinpaigongyu/29957417869378x.shtml
【整租】定福庄 函数公寓 1室1厅,【整租】定福庄,2500,http://bj.58.com/pinpaigongyu/29815109258045x.shtml
【合租】惠新西街 惠新北里社区 3室主卧,惠新北里社区,2350,http://bj.58.com/pinpaigongyu/29851133771704x.shtml
【整租】青遇home 高碑店 大地文苑,高碑店,3900-4100,http://bj.58.com/pinpaigongyu/28621461415093x.shtml
【合租】北苑 黄金苑 3室主卧,黄金苑,3000,http://bj.58.com/pinpaigongyu/28963519138112x.shtml
【整租】物资学院路 新建村 1室1厅,新建村,3800,http://bj.58.com/pinpaigongyu/29573296782784x.shtml
【合租】双井 百环家园 3室次卧,百环家园,2160,http://bj.58.com/pinpaigongyu/29694513397711x.shtml
【整租】好客公寓 亦庄 好客公寓,亦庄,3400-3500,http://bj.58.com/pinpaigongyu/29849331216681x.shtml
【合租】亚运村 平安嘉苑 3室主卧,平安嘉苑,2400,http://bj.58.com/pinpaigongyu/29805062451138x.shtml
【整租】后沙峪 天恒花园 1室1厅,天恒花园,2000,http://bj.58.com/pinpaigongyu/29760352352570x.shtml
【合租】亚运村小营 亚运花园 3室主卧,亚运花园,3800,http://bj.58.com/pinpaigongyu/29683009993271x.shtml
【整租】百子湾 金海国际 1室0厅,金海国际,2288,http://bj.58.com/pinpaigongyu/30025298043070x.shtml
【整租】乐乎公寓 百子湾 南花园店,百子湾,2200-2800,http://bj.58.com/pinpaigongyu/29639408251595x.shtml
【整租】定福庄 函数公寓 1室1厅,【整租】定福庄,2500,http://bj.58.com/pinpaigongyu/29815109258045x.shtml
【整租】熊猫公寓 南磨房 北工大店,南磨房,2600-4750,http://bj.58.com/pinpaigongyu/30022748015295x.shtml
【整租】西红门 乐乎青年公寓 1室0厅,【整租】西红门,3490,http://bj.58.com/pinpaigongyu/29305178148045x.shtml
【整租】定福庄 函数公寓（传媒大 1室0厅,【整租】定福庄,3800,http://bj.58.com/pinpaigongyu/30015212006836x.shtml
【整租】乐乎公寓 木樨园 木樨园门店,木樨园,3000-3600,http://bj.58.com/pinpaigongyu/29628503738554x.shtml
【合租】回龙观 风雅园二区 5室主卧,风雅园二区,2460,http://bj.58.com/pinpaigongyu/30003262547379x.shtml
【整租】乐乎公寓 百子湾 南花园店,百子湾,2200-2800,http://bj.58.com/pinpaigongyu/29384691540034x.shtml
【合租】六里桥 六里桥家园 3室次卧,六里桥家园,2200,http://bj.58.com/pinpaigongyu/29826947169212x.shtml
【合租】回龙观 龙腾苑五区 3室主卧,龙腾苑五区,2190,http://bj.58.com/pinpaigongyu/29957592742086x.shtml
【合租】中关村 天秀花园二期 3室次卧,天秀花园二期,2190,http://bj.58.com/pinpaigongyu/29462799014956x.shtml
【整租】青遇home 高碑店 大地文苑,高碑店,3900-4100,http://bj.58.com/pinpaigongyu/28621461415093x.shtml
【合租】龙泽 融泽嘉园2号院 3室主卧,融泽嘉园2号院,2200,http://bj.58.com/pinpaigongyu/29923570805583x.shtml
【合租】惠新西街 惠新北里社区 3室主卧,惠新北里社区,2350,http://bj.58.com/pinpaigongyu/29851133771704x.shtml
【合租】肖家河 肖家河回迁住宅( 3室主卧,肖家河回迁住宅(,2490,http://bj.58.com/pinpaigongyu/30045245825606x.shtml
【整租】好客公寓 亦庄 好客公寓,亦庄,3400-3500,http://bj.58.com/pinpaigongyu/29849331216681x.shtml
【合租】北苑 黄金苑 3室主卧,黄金苑,3000,http://bj.58.com/pinpaigongyu/28963519138112x.shtml
【整租】物资学院路 新建村 1室1厅,新建村,3800,http://bj.58.com/pinpaigongyu/29573296782784x.shtml
【合租】双井 百环家园 3室次卧,百环家园,2160,http://bj.58.com/pinpaigongyu/29694513397711x.shtml
【合租】西二旗 融泽嘉园8号院 3室主卧,融泽嘉园8号院,2480,http://bj.58.com/pinpaigongyu/29507080390079x.shtml
【整租】乐乎公寓 百子湾 南花园店,百子湾,2200-2800,http://bj.58.com/pinpaigongyu/29639408251595x.shtml
【合租】刘家窑 横七条44号院 2室次卧,横七条44号院,2480,http://bj.58.com/pinpaigongyu/29915693406027x.shtml
【整租】熊猫公寓 南磨房 北工大店,南磨房,2600-4750,http://bj.58.com/pinpaigongyu/30022748015295x.shtml
【合租】通州北苑 通惠苑 3室主卧,通惠苑,2050,http://bj.58.com/pinpaigongyu/30004765968058x.shtml
【合租】霍营 龙锦苑东四区 3室主卧,龙锦苑东四区,2300,http://bj.58.com/pinpaigongyu/29823739302208x.shtml
【整租】乐乎公寓 木樨园 木樨园门店,木樨园,3000-3600,http://bj.58.com/pinpaigongyu/29628503738554x.shtml
【合租】朝青板块 朝阳雅筑 4室次卧,朝阳雅筑,3090,http://bj.58.com/pinpaigongyu/29957500203188x.shtml
【整租】乐乎公寓 百子湾 南花园店,百子湾,2200-2800,http://bj.58.com/pinpaigongyu/29384691540034x.shtml
【合租】回龙观 龙博苑二区 4室主卧,龙博苑二区,2690,http://bj.58.com/pinpaigongyu/30036684122186x.shtml
【整租】西三旗 旗胜家园 1室1厅,旗胜家园,3600,http://bj.58.com/pinpaigongyu/30038311026099x.shtml
【合租】亚运村 平安嘉苑 3室主卧,平安嘉苑,2400,http://bj.58.com/pinpaigongyu/29805062451138x.shtml
【整租】青遇home 高碑店 大地文苑,高碑店,3900-4100,http://bj.58.com/pinpaigongyu/28621461415093x.shtml
【合租】亚运村小营 亚运花园 3室主卧,亚运花园,3800,http://bj.58.com/pinpaigongyu/29683009993271x.shtml
【整租】百子湾 金海国际 1室0厅,金海国际,2288,http://bj.58.com/pinpaigongyu/30025298043070x.shtml
【整租】西北旺 大牛坊一期 1室1厅,大牛坊一期,3200,http://bj.58.com/pinpaigongyu/30000647707833x.shtml
【整租】好客公寓 亦庄 好客公寓,亦庄,3400-3500,http://bj.58.com/pinpaigongyu/29849331216681x.shtml
【合租】九棵树 K2玉兰湾 4室主卧,K2玉兰湾,2600,http://bj.58.com/pinpaigongyu/29905349557688x.shtml
【整租】西北旺 大牛坊二期 1室1厅,大牛坊二期,3700,http://bj.58.com/pinpaigongyu/29606171806928x.shtml
【合租】马连洼 沙窝苗圃宿舍 3室主卧,沙窝苗圃宿舍,2200,http://bj.58.com/pinpaigongyu/29968779542078x.shtml
【合租】肖家河 肖家河回迁住宅( 3室主卧,肖家河回迁住宅(,2790,http://bj.58.com/pinpaigongyu/29595781135791x.shtml
【整租】乐乎公寓 百子湾 南花园店,百子湾,2200-2800,http://bj.58.com/pinpaigongyu/29639408251595x.shtml
【合租】乔庄 合生滨江帝景二期 3室主卧,合生滨江帝景二期,2400,http://bj.58.com/pinpaigongyu/29871540513070x.shtml
【整租】熊猫公寓 南磨房 北工大店,南磨房,2600-4750,http://bj.58.com/pinpaigongyu/30022748015295x.shtml
【合租】西三旗 东村家园 3室主卧,东村家园,2100,http://bj.58.com/pinpaigongyu/29823955047724x.shtml
【合租】回龙观 龙锦苑二区 4室次卧,龙锦苑二区,2190,http://bj.58.com/pinpaigongyu/29960494850117x.shtml
【整租】乐乎公寓 木樨园 木樨园门店,木樨园,3000-3600,http://bj.58.com/pinpaigongyu/29628503738554x.shtml
【合租】常营 金隅丽景园 3室次卧,金隅丽景园,2350,http://bj.58.com/pinpaigongyu/29791590060240x.shtml
【整租】乐乎公寓 百子湾 南花园店,百子湾,2200-2800,http://bj.58.com/pinpaigongyu/29384691540034x.shtml
【合租】西二旗 融泽嘉园2号院 3室次卧,融泽嘉园2号院,2500,http://bj.58.com/pinpaigongyu/29791551072825x.shtml
【合租】青塔 万恒家园 4室主卧,万恒家园,2180,http://bj.58.com/pinpaigongyu/29639646310735x.shtml
【合租】双井 百环家园 3室次卧,百环家园,2160,http://bj.58.com/pinpaigongyu/29694513397711x.shtml
【整租】青遇home 高碑店 大地文苑,高碑店,3900-4100,http://bj.58.com/pinpaigongyu/28621461415093x.shtml
【整租】国贸 现代城 1室0厅,现代城,2000,http://bj.58.com/pinpaigongyu/29885170756408x.shtml
【合租】亚运村 平安嘉苑 3室主卧,平安嘉苑,2400,http://bj.58.com/pinpaigongyu/29805062451138x.shtml
【整租】后沙峪 天恒花园 1室1厅,天恒花园,2000,http://bj.58.com/pinpaigongyu/29760352352570x.shtml
【整租】好客公寓 亦庄 好客公寓,亦庄,3400-3500,http://bj.58.com/pinpaigongyu/29849331216681x.shtml
【整租】百子湾 金海国际 1室0厅,金海国际,2288,http://bj.58.com/pinpaigongyu/30025298043070x.shtml
【整租】西北旺 大牛坊一期 1室1厅,大牛坊一期,3200,http://bj.58.com/pinpaigongyu/30000647707833x.shtml
【合租】龙泽 融泽嘉园一号院 3室主卧,融泽嘉园一号院,2180,http://bj.58.com/pinpaigongyu/29646441506122x.shtml
【合租】九棵树 K2玉兰湾 4室主卧,K2玉兰湾,2600,http://bj.58.com/pinpaigongyu/29905349557688x.shtml
【整租】乐乎公寓 百子湾 南花园店,百子湾,2200-2800,http://bj.58.com/pinpaigongyu/29639408251595x.shtml
【合租】回龙观 田园风光雅苑 3室主卧,田园风光雅苑,2399,http://bj.58.com/pinpaigongyu/29948683178554x.shtml
【整租】熊猫公寓 南磨房 北工大店,南磨房,2600-4750,http://bj.58.com/pinpaigongyu/30022748015295x.shtml
【合租】霍营 龙锦苑东四区 3室主卧,龙锦苑东四区,2260,http://bj.58.com/pinpaigongyu/29570162756917x.shtml
【合租】清河 宝盛里观林园 3室次卧,宝盛里观林园,2000,http://bj.58.com/pinpaigongyu/29883472554543x.shtml
【整租】乐乎公寓 木樨园 木樨园门店,木樨园,3000-3600,http://bj.58.com/pinpaigongyu/29628503738554x.shtml
【合租】东直门 东门仓胡同甲3号 3室次卧,东门仓胡同甲3号,3210,http://bj.58.com/pinpaigongyu/29793391041224x.shtml
【整租】乐乎公寓 百子湾 南花园店,百子湾,2200-2800,http://bj.58.com/pinpaigongyu/29384691540034x.shtml
【合租】牡丹园 塔院小区 3室次卧,塔院小区,2100,http://bj.58.com/pinpaigongyu/30025180908082x.shtml
【整租】通州北苑 乐乎城市青年社区 1室1厅,【整租】通州北苑,2200,http://bj.58.com/pinpaigongyu/29792707930802x.shtml
【合租】九棵树 K2玉兰湾 4室主卧,K2玉兰湾,2100,http://bj.58.com/pinpaigongyu/29934185559374x.shtml
【整租】青遇home 高碑店 大地文苑,高碑店,3900-4100,http://bj.58.com/pinpaigongyu/28621461415093x.shtml
【合租】亚运村小营 紫薇天悦 3室主卧,紫薇天悦,2800,http://bj.58.com/pinpaigongyu/30024571586370x.shtml
【合租】国贸 观音惠园 3室主卧,观音惠园,2700,http://bj.58.com/pinpaigongyu/29956840547279x.shtml
【整租】西北旺 大牛坊一期 1室0厅,大牛坊一期,3000,http://bj.58.com/pinpaigongyu/29793140493902x.shtml
【整租】好客公寓 亦庄 好客公寓,亦庄,3400-3500,http://bj.58.com/pinpaigongyu/29849331216681x.shtml
【合租】马连洼 永丰嘉园 3室主卧,永丰嘉园,2090,http://bj.58.com/pinpaigongyu/29847549400885x.shtml
【整租】西北旺 大牛坊二期 1室1厅,大牛坊二期,3200,http://bj.58.com/pinpaigongyu/29923284384577x.shtml
【合租】北苑 黄金苑 3室次卧,黄金苑,2300,http://bj.58.com/pinpaigongyu/29937569233103x.shtml
【合租】西二旗 领袖新硅谷 3室次卧,领袖新硅谷,2090,http://bj.58.com/pinpaigongyu/29614375635655x.shtml
【整租】乐乎公寓 百子湾 南花园店,百子湾,2200-2800,http://bj.58.com/pinpaigongyu/29639408251595x.shtml
【合租】牡丹园 塔院小区 3室次卧,塔院小区,2100,http://bj.58.com/pinpaigongyu/30025180908082x.shtml
【整租】熊猫公寓 南磨房 北工大店,南磨房,2600-4750,http://bj.58.com/pinpaigongyu/30022748015295x.shtml
【整租】百子湾 乐乎公寓 1室1厅,【整租】百子湾,2450,http://bj.58.com/pinpaigongyu/29770794897707x.shtml
【整租】通州北苑 乐乎青年公寓 1室0厅,【整租】通州北苑,2360,http://bj.58.com/pinpaigongyu/29448617706567x.shtml
【整租】乐乎公寓 木樨园 木樨园门店,木樨园,3000-3600,http://bj.58.com/pinpaigongyu/29628503738554x.shtml
【合租】小西天 学院南路32号院 2室主卧,学院南路32号院,2930,http://bj.58.com/pinpaigongyu/30011661728576x.shtml
【整租】乐乎公寓 百子湾 南花园店,百子湾,2200-2800,http://bj.58.com/pinpaigongyu/29384691540034x.shtml
【整租】西三旗 建材城东一里 1室1厅,建材城东一里,2600,http://bj.58.com/pinpaigongyu/29923417969614x.shtml
【整租】双桥 乐乎公寓 1室1厅,【整租】双桥,2499,http://bj.58.com/pinpaigongyu/29871185647917x.shtml
【合租】西二旗 领袖新硅谷 3室次卧,领袖新硅谷,2090,http://bj.58.com/pinpaigongyu/29614375635655x.shtml
【整租】青遇home 高碑店 大地文苑,高碑店,3900-4100,http://bj.58.com/pinpaigongyu/28621461415093x.shtml
【合租】九棵树 K2玉兰湾 6室次卧,K2玉兰湾,2000,http://bj.58.com/pinpaigongyu/29638209638988x.shtml
【整租】西北旺 大牛坊二期 1室1厅,大牛坊二期,3500,http://bj.58.com/pinpaigongyu/29551006035131x.shtml
【整租】东坝 金隅汇景苑 2室1厅,金隅汇景苑,4000,http://bj.58.com/pinpaigongyu/29561964653260x.shtml
【整租】好客公寓 亦庄 好客公寓,亦庄,3400-3500,http://bj.58.com/pinpaigongyu/29849331216681x.shtml
【合租】芍药居 芍药居2号院 2室主卧,芍药居2号院,2800,http://bj.58.com/pinpaigongyu/29846210025004x.shtml
【合租】龙泽 融泽嘉园6号院 3室主卧,融泽嘉园6号院,2180,http://bj.58.com/pinpaigongyu/29619504559415x.shtml
【合租】马连洼 百旺杏林湾 3室主卧,百旺杏林湾,2390,http://bj.58.com/pinpaigongyu/29990377250869x.shtml
【合租】龙泽 融泽嘉园2号院 3室主卧,融泽嘉园2号院,2080,http://bj.58.com/pinpaigongyu/29889991949240x.shtml
【整租】乐乎公寓 百子湾 南花园店,百子湾,2200-2800,http://bj.58.com/pinpaigongyu/29639408251595x.shtml
【合租】龙泽 新龙城 4室主卧,新龙城,2299,http://bj.58.com/pinpaigongyu/29458779590338x.shtml
【整租】熊猫公寓 南磨房 北工大店,南磨房,2600-4750,http://bj.58.com/pinpaigongyu/30022748015295x.shtml
【整租】亦庄 万源街乐乎城市青 1室0厅,万源街乐乎城市青,2700,http://bj.58.com/pinpaigongyu/29947821978299x.shtml
【合租】西二旗 龙兴园中区 3室主卧,龙兴园中区,2290,http://bj.58.com/pinpaigongyu/30036663400506x.shtml
【整租】乐乎公寓 木樨园 木樨园门店,木樨园,3000-3600,http://bj.58.com/pinpaigongyu/29628503738554x.shtml
【合租】豆各庄 恒大御景湾 3室主卧,恒大御景湾,2080,http://bj.58.com/pinpaigongyu/30033992380479x.shtml
【整租】乐乎公寓 百子湾 南花园店,百子湾,2200-2800,http://bj.58.com/pinpaigongyu/29384691540034x.shtml
【整租】豆各庄 恒大领寓 2室1厅,恒大领寓,3800,http://bj.58.com/pinpaigongyu/29992559129394x.shtml
【合租】西单 灵境胡同小区 3室主卧,灵境胡同小区,2500,http://bj.58.com/pinpaigongyu/30025282424260x.shtml
【整租】东坝 金隅汇景苑 2室1厅,金隅汇景苑,4000,http://bj.58.com/pinpaigongyu/29561964653260x.shtml
【整租】青遇home 高碑店 大地文苑,高碑店,3900-4100,http://bj.58.com/pinpaigongyu/28621461415093x.shtml
【合租】芍药居 芍药居2号院 2室主卧,芍药居2号院,2800,http://bj.58.com/pinpaigongyu/29846210025004x.shtml
【合租】龙泽 融泽嘉园6号院 3室主卧,融泽嘉园6号院,2180,http://bj.58.com/pinpaigongyu/29619504559415x.shtml
【合租】马连洼 百旺杏林湾 3室主卧,百旺杏林湾,2390,http://bj.58.com/pinpaigongyu/29990377250869x.shtml
【整租】好客公寓 亦庄 好客公寓,亦庄,3400-3500,http://bj.58.com/pinpaigongyu/29849331216681x.shtml
【整租】垡头 金蝉北里 1室0厅,金蝉北里,2300,http://bj.58.com/pinpaigongyu/29893916984494x.shtml
【合租】龙泽 融泽嘉园6号院 3室主卧,融泽嘉园6号院,2080,http://bj.58.com/pinpaigongyu/29781041657552x.shtml
【合租】芍药居 芍药居北里小区 3室次卧,芍药居北里小区,2750,http://bj.58.com/pinpaigongyu/29993612429875x.shtml
【合租】龙泽 融泽嘉园2号院 3室次卧,融泽嘉园2号院,2080,http://bj.58.com/pinpaigongyu/30044902480197x.shtml
【整租】乐乎公寓 百子湾 南花园店,百子湾,2200-2800,http://bj.58.com/pinpaigongyu/29639408251595x.shtml
【整租】四惠 乐乎公寓 1室1厅,【整租】四惠,2669,http://bj.58.com/pinpaigongyu/30034123111231x.shtml
【整租】熊猫公寓 南磨房 北工大店,南磨房,2600-4750,http://bj.58.com/pinpaigongyu/30022748015295x.shtml
【合租】酒仙桥 东风家园 3室主卧,东风家园,2230,http://bj.58.com/pinpaigongyu/29747223739702x.shtml
【合租】红庙 红庙北里 2室次卧,红庙北里,3000,http://bj.58.com/pinpaigongyu/30001243001788x.shtml
【整租】乐乎公寓 木樨园 木樨园门店,木樨园,3000-3600,http://bj.58.com/pinpaigongyu/29628503738554x.shtml
【整租】亦庄 万源街乐乎城市青 1室1厅,万源街乐乎城市青,2730,http://bj.58.com/pinpaigongyu/29794195144259x.shtml
【整租】乐乎公寓 百子湾 南花园店,百子湾,2200-2800,http://bj.58.com/pinpaigongyu/29384691540034x.shtml
【整租】新发地 银地家园 1室1厅,银地家园,2500,http://bj.58.com/pinpaigongyu/29105593963578x.shtml
【整租】新发地 天伦锦城 1室0厅,天伦锦城,2700,http://bj.58.com/pinpaigongyu/29073473123253x.shtml
【合租】芍药居 芍药居北里小区 3室次卧,芍药居北里小区,2750,http://bj.58.com/pinpaigongyu/29993612429875x.shtml
【整租】青遇home 高碑店 大地文苑,高碑店,3900-4100,http://bj.58.com/pinpaigongyu/28621461415093x.shtml
【合租】崇文门 新景家园东区 3室主卧,新景家园东区,2800,http://bj.58.com/pinpaigongyu/29991832257228x.shtml
【合租】龙泽 融泽嘉园6号院 3室主卧,融泽嘉园6号院,2180,http://bj.58.com/pinpaigongyu/29845813214542x.shtml
【合租】北苑 望春园 3室主卧,望春园,2500,http://bj.58.com/pinpaigongyu/29793492608948x.shtml
【整租】好客公寓 亦庄 好客公寓,亦庄,3400-3500,http://bj.58.com/pinpaigongyu/29849331216681x.shtml
【合租】西北旺 大牛坊一期 3室主卧,大牛坊一期,2090,http://bj.58.com/pinpaigongyu/29968760774859x.shtml
【合租】龙泽 融泽嘉园6号院 3室主卧,融泽嘉园6号院,2380,http://bj.58.com/pinpaigongyu/29507446290867x.shtml
【整租】西北旺 大牛坊一期 2室1厅,大牛坊一期,3800,http://bj.58.com/pinpaigongyu/30022949992653x.shtml
【整租】西北旺 大牛坊一期 1室1厅,大牛坊一期,3300,http://bj.58.com/pinpaigongyu/29716623668538x.shtml
【整租】乐乎公寓 百子湾 南花园店,百子湾,2200-2800,http://bj.58.com/pinpaigongyu/29639408251595x.shtml
【合租】六里桥 永翌公馆 3室次卧,永翌公馆,2900,http://bj.58.com/pinpaigongyu/29838988424114x.shtml
【整租】熊猫公寓 南磨房 北工大店,南磨房,2600-4750,http://bj.58.com/pinpaigongyu/30022748015295x.shtml
【整租】定福庄 传媒大学地铁南 1室0厅,传媒大学地铁南,2950,http://bj.58.com/pinpaigongyu/29705551374895x.shtml
【合租】回龙观 龙跃苑东四区 3室主卧,龙跃苑东四区,2680,http://bj.58.com/pinpaigongyu/29912526187192x.shtml
【整租】乐乎公寓 木樨园 木樨园门店,木樨园,3000-3600,http://bj.58.com/pinpaigongyu/29628503738554x.shtml
【合租】广安门外 三义东里 3室次卧,三义东里,2180,http://bj.58.com/pinpaigongyu/29883472952514x.shtml
【整租】乐乎公寓 百子湾 南花园店,百子湾,2200-2800,http://bj.58.com/pinpaigongyu/29384691540034x.shtml
【合租】回龙观 田园风光雅苑 3室主卧,田园风光雅苑,2366,http://bj.58.com/pinpaigongyu/30012159640138x.shtml
【合租】天通苑 天通苑北二区 3室主卧,天通苑北二区,2430,http://bj.58.com/pinpaigongyu/30001849192498x.shtml
【合租】龙泽 融泽嘉园6号院 3室主卧,融泽嘉园6号院,2080,http://bj.58.com/pinpaigongyu/29781041657552x.shtml
【整租】青遇home 高碑店 大地文苑,高碑店,3900-4100,http://bj.58.com/pinpaigongyu/28621461415093x.shtml
【合租】龙泽 融泽嘉园2号院 3室次卧,融泽嘉园2号院,2080,http://bj.58.com/pinpaigongyu/30044902480197x.shtml
【合租】崇文门 新景家园东区 3室主卧,新景家园东区,2800,http://bj.58.com/pinpaigongyu/29991832257228x.shtml
【合租】龙泽 融泽嘉园6号院 3室主卧,融泽嘉园6号院,2180,http://bj.58.com/pinpaigongyu/29845813214542x.shtml
【整租】好客公寓 亦庄 好客公寓,亦庄,3400-3500,http://bj.58.com/pinpaigongyu/29849331216681x.shtml
【合租】北苑 北苑家园新街坊 3室次卧,北苑家园新街坊,2200,http://bj.58.com/pinpaigongyu/28709529021512x.shtml
【合租】西北旺 大牛坊一期 3室主卧,大牛坊一期,2090,http://bj.58.com/pinpaigongyu/29968760774859x.shtml
【合租】龙泽 融泽嘉园6号院 3室主卧,融泽嘉园6号院,2380,http://bj.58.com/pinpaigongyu/29507446290867x.shtml
【整租】西北旺 大牛坊一期 2室1厅,大牛坊一期,3800,http://bj.58.com/pinpaigongyu/30022949992653x.shtml
【整租】乐乎公寓 百子湾 南花园店,百子湾,2200-2800,http://bj.58.com/pinpaigongyu/29639408251595x.shtml
【合租】赵公口 慧时欣园 3室次卧,慧时欣园,2300,http://bj.58.com/pinpaigongyu/29072225680945x.shtml
【整租】熊猫公寓 南磨房 北工大店,南磨房,2600-4750,http://bj.58.com/pinpaigongyu/30022748015295x.shtml
【合租】回龙观 龙跃苑东五区 3室主卧,龙跃苑东五区,2299,http://bj.58.com/pinpaigongyu/29793343837866x.shtml
【合租】四惠 圣华原 3室主卧,圣华原,2160,http://bj.58.com/pinpaigongyu/29883478245420x.shtml
【整租】乐乎公寓 木樨园 木樨园门店,木樨园,3000-3600,http://bj.58.com/pinpaigongyu/29628503738554x.shtml
【合租】西二旗 领秀硅谷1区 5室次卧,领秀硅谷1区,2000,http://bj.58.com/pinpaigongyu/29782075897516x.shtml
【整租】乐乎公寓 百子湾 南花园店,百子湾,2200-2800,http://bj.58.com/pinpaigongyu/29384691540034x.shtml
【合租】望京 利泽西园 3室主卧,利泽西园,2450,http://bj.58.com/pinpaigongyu/29957523640886x.shtml
【整租】西二旗 兆丰家园东区 1室0厅,兆丰家园东区,2160,http://bj.58.com/pinpaigongyu/29989481145644x.shtml
【合租】龙泽 融泽嘉园6号院 3室主卧,融泽嘉园6号院,2380,http://bj.58.com/pinpaigongyu/29507446290867x.shtml
【整租】青遇home 高碑店 大地文苑,高碑店,3900-4100,http://bj.58.com/pinpaigongyu/28621461415093x.shtml
【整租】西北旺 大牛坊一期 1室1厅,大牛坊一期,3300,http://bj.58.com/pinpaigongyu/29716623668538x.shtml
【整租】东坝 北京城建福润四季 2室2厅,北京城建福润四季,3600,http://bj.58.com/pinpaigongyu/29650734292928x.shtml
【合租】物资学院路 新建村 3室主卧,新建村,2000,http://bj.58.com/pinpaigongyu/29636715524145x.shtml
【整租】好客公寓 亦庄 好客公寓,亦庄,3400-3500,http://bj.58.com/pinpaigongyu/29849331216681x.shtml
【合租】龙泽 融泽嘉园6号院 3室主卧,融泽嘉园6号院,2480,http://bj.58.com/pinpaigongyu/29872425911737x.shtml
【合租】大望路 康惠园小区 3室主卧,康惠园小区,2300,http://bj.58.com/pinpaigongyu/29636042705454x.shtml
【合租】西二旗 融泽嘉园8号院 3室主卧,融泽嘉园8号院,2080,http://bj.58.com/pinpaigongyu/29882974798537x.shtml
【合租】九棵树 K2玉兰湾 5室次卧,K2玉兰湾,2100,http://bj.58.com/pinpaigongyu/29790408069554x.shtml
【整租】乐乎公寓 百子湾 南花园店,百子湾,2200-2800,http://bj.58.com/pinpaigongyu/29639408251595x.shtml
【合租】回龙观 龙腾苑四区 3室主卧,龙腾苑四区,2299,http://bj.58.com/pinpaigongyu/29968233631928x.shtml
【整租】熊猫公寓 南磨房 北工大店,南磨房,2600-4750,http://bj.58.com/pinpaigongyu/30022748015295x.shtml
【合租】西二旗 融泽嘉园8号院 3室主卧,融泽嘉园8号院,2500,http://bj.58.com/pinpaigongyu/29749079517644x.shtml
【合租】天通苑 天通苑本五区 3室主卧,天通苑本五区,2790,http://bj.58.com/pinpaigongyu/30002042676812x.shtml
【整租】乐乎公寓 木樨园 木樨园门店,木樨园,3000-3600,http://bj.58.com/pinpaigongyu/29628503738554x.shtml
【整租】定福庄 函数公寓 1室1厅,【整租】定福庄,2800,http://bj.58.com/pinpaigongyu/29569716200506x.shtml
【整租】乐乎公寓 百子湾 南花园店,百子湾,2200-2800,http://bj.58.com/pinpaigongyu/29384691540034x.shtml
【合租】四惠 惠泽园 3室主卧,惠泽园,3290,http://bj.58.com/pinpaigongyu/29992617697193x.shtml
【合租】青塔 长安新城林栖园 4室主卧,长安新城林栖园,2400,http://bj.58.com/pinpaigongyu/29580488426175x.shtml
【整租】东坝 福润四季 2室1厅,福润四季,3650,http://bj.58.com/pinpaigongyu/29529179175729x.shtml
【整租】青遇home 高碑店 大地文苑,高碑店,3900-4100,http://bj.58.com/pinpaigongyu/28621461415093x.shtml
【合租】四惠 朝阳旺角 3室主卧,朝阳旺角,2300,http://bj.58.com/pinpaigongyu/29746600753339x.shtml
【合租】西二旗 融泽嘉园8号院 3室主卧,融泽嘉园8号院,2060,http://bj.58.com/pinpaigongyu/29912591794374x.shtml
【整租】东坝 金隅汇景苑 2室1厅,金隅汇景苑,4000,http://bj.58.com/pinpaigongyu/29834524915625x.shtml
【整租】好客公寓 亦庄 好客公寓,亦庄,3400-3500,http://bj.58.com/pinpaigongyu/29849331216681x.shtml
【整租】东坝 金隅汇景苑 3室1厅,金隅汇景苑,4000,http://bj.58.com/pinpaigongyu/29651815597620x.shtml
【整租】玉桥 葛布店南里 2室1厅,葛布店南里,3100,http://bj.58.com/pinpaigongyu/29890723422127x.shtml
【合租】龙泽 融泽嘉园2号院 3室主卧,融泽嘉园2号院,2380,http://bj.58.com/pinpaigongyu/29889922588333x.shtml
【合租】龙泽 融泽嘉园6号院 3室主卧,融泽嘉园6号院,2080,http://bj.58.com/pinpaigongyu/29481305749934x.shtml
【整租】乐乎公寓 百子湾 南花园店,百子湾,2200-2800,http://bj.58.com/pinpaigongyu/29639408251595x.shtml
【合租】清河 毛纺路58号院 3室次卧,毛纺路58号院,2960,http://bj.58.com/pinpaigongyu/29847919124782x.shtml
【整租】熊猫公寓 南磨房 北工大店,南磨房,2600-4750,http://bj.58.com/pinpaigongyu/30022748015295x.shtml
【合租】龙泽 龙博苑一区 3室主卧,龙博苑一区,2299,http://bj.58.com/pinpaigongyu/29449632348845x.shtml
【整租】通州北苑 乐乎城市青年社区 1室1厅,【整租】通州北苑,2199,http://bj.58.com/pinpaigongyu/29793340101805x.shtml
【整租】乐乎公寓 木樨园 木樨园门店,木樨园,3000-3600,http://bj.58.com/pinpaigongyu/29628503738554x.shtml
【合租】回龙观 龙跃苑东四区 3室主卧,龙跃苑东四区,2760,http://bj.58.com/pinpaigongyu/29824133051460x.shtml
【整租】乐乎公寓 百子湾 南花园店,百子湾,2200-2800,http://bj.58.com/pinpaigongyu/29384691540034x.shtml
【合租】回龙观 田园风光雅苑 3室主卧,田园风光雅苑,2300,http://bj.58.com/pinpaigongyu/30022589592874x.shtml
【整租】沙河 兆丰家园东区 1室0厅,兆丰家园东区,2199,http://bj.58.com/pinpaigongyu/29945431169868x.shtml
【整租】东坝 金隅汇景苑 2室1厅,金隅汇景苑,4000,http://bj.58.com/pinpaigongyu/29834524915625x.shtml
【整租】青遇home 高碑店 大地文苑,高碑店,3900-4100,http://bj.58.com/pinpaigongyu/28621461415093x.shtml
【整租】东坝 金隅汇景苑 3室1厅,金隅汇景苑,4000,http://bj.58.com/pinpaigongyu/29651815597620x.shtml
【整租】玉桥 葛布店南里 2室1厅,葛布店南里,3100,http://bj.58.com/pinpaigongyu/29890723422127x.shtml
【合租】龙泽 融泽嘉园2号院 3室主卧,融泽嘉园2号院,2380,http://bj.58.com/pinpaigongyu/29889922588333x.shtml
【整租】好客公寓 亦庄 好客公寓,亦庄,3400-3500,http://bj.58.com/pinpaigongyu/29849331216681x.shtml
【整租】西北旺 大牛坊一期 1室1厅,大牛坊一期,3500,http://bj.58.com/pinpaigongyu/29702496897337x.shtml
【合租】马连洼 肖家河新村(圆明 3室主卧,肖家河新村(圆明,3190,http://bj.58.com/pinpaigongyu/29845872162768x.shtml
【合租】赵公口 彩虹城一区 3室主卧,彩虹城一区,2100,http://bj.58.com/pinpaigongyu/29783123143994x.shtml
【整租】西北旺 大牛坊二期 1室1厅,大牛坊二期,3400,http://bj.58.com/pinpaigongyu/29806047982392x.shtml
